{"cameraMode":{"drawMode":0,"name":"Shaded","section":"Shading Mode"},"sceneLighting":false,"audioPlay":false,"sceneViewState":{"showFog":true,"showMaterialUpdate":false,"showSkybox":false,"showFlares":true,"showImageEffects":true,"showParticleSystems":true},"in2DMode":false,"pivot":{"x":1.2595874071121216,"y":0.6774637699127197,"z":-0.06446605920791626},"rotation":{"x":0.008104369044303894,"y":0.12924084067344666,"z":0.0005389184225350618,"w":-0.9923350214958191},"size":1.1503124237060547,"orthographic":false}